date,station_id,price,regime,pred_q20,pred_q50,pred_q80,target_min_3d,decision,realized_wait_gain,policy_realized_saving,oracle_best_action
2026-10-04,15366,1.749,stable,1.4540767639648102,1.666575241764829,1.7302883050833553,,wait,,,buy_now
2026-10-04,13562,1.759,stable,1.4522563001129178,1.675296815157493,1.7302846536035386,,wait,,,buy_now
2026-10-04,14016,1.789,stable,1.4522880815419192,1.7078239408743348,1.7687919259175986,,wait,,,buy_now
2026-10-04,15390,1.8,stable,1.4522880815419192,1.7078239408743348,1.7789205133600419,,wait,,,buy_now
2026-10-04,14084,1.889,stable,1.4519240435004876,1.7369508453191098,1.817898908198183,,wait,,,buy_now
2026-10-04,13973,1.899,stable,1.4523271389471613,1.7386223477248366,1.8202284982604353,,wait,,,buy_now
2026-10-04,15740,1.899,stable,1.4523271389471613,1.7386223477248366,1.8202194525466735,,wait,,,buy_now
2026-10-04,16398,1.899,stable,1.4523271389471613,1.7386223477248366,1.8202194525466735,,wait,,,buy_now
2026-10-04,4188,1.969,stable,1.4625005515740974,1.7784947530958968,1.8486463866173874,,wait,,,buy_now
2026-10-04,10945,1.974,stable,1.4636770205830758,1.7784947530958968,1.8486463866173874,,wait,,,buy_now
2026-10-04,4157,1.979,stable,1.4614901201127242,1.7784947530958968,1.8486463866173874,,wait,,,buy_now
2026-10-04,4232,1.979,stable,1.4636770205830758,1.7784947530958968,1.8486463866173874,,wait,,,buy_now
2026-10-04,2132,1.989,stable,1.463177020583076,1.778330080833001,1.8486481161440118,,wait,,,buy_now
